id,label
78b73a905e22cea2d881c1da0d545f435020c704,0
ba5a4c25ddbd6dfb7bf3160f0099c0dae80abaf5,0
0904f6e7bf057761d38a0b54437c63269f5cecad,1
c0f7e91acd9b992cdaa851209a8d6fd545487c46,0
735f5c06f278ae96f73991bc909ac4df59723cdc,1
f75fd7b9cdb87e2f8918dffa373affdab64168ff,0
d5109851a06b924cc9c710c9d8599f8352eececf,0
be796529ada247c095ce2559f66751cb9e045d2e,1
89fb6bc17eb4be5d93b34844a1325186d74c8f9e,0
d469eb772c087a9b819b27e0177ec24943bba6a6,1
c2c880dbd6e94c1f9ae44ef0f1785192e045df9b,1
47646db735a6e48abdac0d03bb6ad1572efb2edc,0
3bfbcdafc997c1d2b1b361b03780d6f53a5aa8d8,0
a72dad55fff6998c4cb179458ef37b8428b6c36e,0
8fb4570675c9bb7161006cdb1a7aa10ac6bc817d,0
3900330108e22d017659d28096b39b264c26fc44,0
2ff99aba8baf075dab55b1bc2c7419bb40d56f81,0
8c808ca18e5df5cfb7dc8354cf538da9ee7096bf,0
98074c7b9af4477c50d7b0e8f6c9b521818c42bc,0
e5af91621916605da74bb1014d21f9a262d15807,0
e37017d93255b678c0550eb7338cd3a826fe0a29,0
f2a859a45b87578c90d23918e6a7fb1c69e6c7a5,1
5f5f897c2ad68fcaca461fef3cdef65b04754bd4,1
7ac4822ff2f4a8a2f34fde13ef9256954ec37401,0
21923a35703a1c5a0ee5e964a789ed1ea6e54596,1
6cfc4511a11670b231b17b3c6ce4063f2bab3127,0
5ca77a8bcd53a51be86e7eb29dcb5caf47793a45,0
37509bb87b3718550a2106370fd4484aa840c7b4,0
bda0996a704c41790454af0f7d4cdc2b2ce62f81,0
9a239ac749ce4157fe96539ccbec2825a2595958,0
f73b954f80ce222d85ef431d3a8a0453e182b614,0
0f431181c4ce436deb42586e7e58f6683bfee1f2,0
94e889c3a55093f43233280d616ff6e528ff1c20,0
1092801a1d1d7cc8e45b1d909c553ea400615d68,0
9406c45b7f48fd299b78e9aeda2dda9a352572d9,1
b89b58ebccadc2224e20f582816730d58cefc178,1
93a23e4e1950cd1942ce93e2dce659115832a3ca,0
dd507169e358c58fe37662388c5e7ea9a114d74b,0
e4da982c975844f3647bd6ced200323f99e38362,1
40c98b61be7147f399b5cf6aeaf6d653bfd6b1e4,0
4a7b837ae01009ae66807f1288dc3ece0e2efbfa,0
7ce9c35192fb7fde2b845977aded90e8c4297e3e,1
54b12983025236413a86b29dcb1a94be36b23315,1
c378a24332543cadb69308417eb1ecab0d98776b,1
08aca04158e02c30620e05656cef9efa64c1fabb,0
20de230ac51ff352c825eab474fd124fb12be393,0
7366620c5c9ef12cd6435bd286e25f83ddef1ef4,0
2938234f8e1a6ba7c50985e8f647297e2056258a,1
55a513560c3fc647572393d54baf134b29059452,0
a4894ce82a84c485c65181b4f216338c676f845b,1
b63985019684184959cf9af6d0862810cebe6e2a,1
c9641c3ef44475dc2a85e8e45de9fde061416fe8,0
7b616147c4d56ee066d67293aedbd6faa3a7b5a1,1
03df0a5eaf7d45d1db757f05790a41ecb24aafdc,1
47d2aa2aa1eb119c9286107f1ab289f7e79ea61c,0
252d88c24e5625a0baf8a41f2c81477050f6bf4a,0
711eafb02468eacf22113beb0078f54dbebb4e6a,0
f37e2a8543bc3b357f595deca1b66e825002babe,0
c7ffdf3be78ed6c711868e48540271e0c2f5fde7,1
8fe0d0f11f7f0c91d146f2c048beaa72ede6ae74,0
9413a3b3a85f50be64145d77ae63d4b399aabf20,0
5093a7e7229839cde3debbaea17e72d21914c5ee,0
3a0cf37a6d4520cc2dfb0cd9d37cc906a9f38fb5,0
62ba57f197ea5e18c98cd7065c613454c4742e51,1
0b3f6cb0092e8a2e88743cfc37b8602ebf8533a2,0
c6345f84ebcb9c5b818887c58bfabe40204c7e81,1
f9f2a524a92cf0eb14676d8134eeaab3b9e9bebb,1
1ff2d4eeb70312f5d8dd7348a934fc427541629a,0
50d6dbd09f89a75c8aa1d700220177ecffea3b0c,1
55ae7211bf8ea2ac1f9aa6b4bd496ad3b3bdab6d,1
06caa8a678e3f2f25508a344811bfedf721920bb,1
b53262e4236fc69aa5273c925203c9ad8b2929f5,1
8239fab4ed568547d14744f2ac6653e50fe015a3,1
496257905960a8f660d6e50dfb816a87a5099082,1
fa2eaf8ec6267fa928a88775dc15ee25b633c537,0
69ac090e32a8c35425c9bbb7f3737a35c9d21866,0
b5db4281c1ed6a7dad67e6cf79db74b549d94f51,0
15f3b8decc9103356cdf3a41354848711d1736b0,0
8371c64a031dc498499772685939534324c99d12,1
a49c186ebadeba690b101d3003a8659d8bdf6342,0
1fbe2d1147862faee03cecda71a6acf66d29afb7,0
0df399eaf7cb278be7152d2f90ced74e2594d0f5,0
c122bf09bc86302432169711ccc40a6dd34bb10f,0
1990a75099faaf28852418b18fdcf427760fd859,1
14843fa1b76e6d7b4a9b377ac91c45ed5b7cc115,0
c4d3bcaeca657fad633b9a8ee2cb975d2f5b0a4c,1
c204dd2a9aeaa3a744a87ce0131c288538ffa9b4,0
634136288df2f93feddfee3124c085949b73f26a,0
a862199aea760ae989d8da238660439940680450,0
85298cbf5be61d92a2319d179e995e34a8a48448,0
d721ebb3638e62bfe62ef8d1139cc6c62130fb78,1
86bcce90a313817ee7059b4f51ec1bb61862ef66,0
52d1d344695c2e6bf722724a2bacb3ced1357581,1
9f41e3f2de22ceb46bb2962c6c90dc16736fafda,0
87a99bf4846655c5640d72e19bb2bf9299b4b447,1
fc099ee68a894268217601e655843b63c3495e3b,1
7e364e72523d13b4b6d14e3fe975a381e3f36796,0
e15b71a202ac0d2284804539651fae77497680db,0
2cb98ddced76482959074280bfcf4f02e3825081,0
6c566bf03ec11127a00b403fac73ff10763256c0,1
46f713498b28e6831de7d62b7d88c8024ea27420,0
5292fa34d073a6d6aacb6e6dd20b30e03efbcafe,0
940a147d70fe4d4d99af2c405984b99875d0fab0,1
edd2199455962cc4c6461608b7551592ed40fb01,0
4a0719e75b58ec38894963a547109a958707ceb5,0
07d7671f77e4bfd33dbc017da27e5a9a12e58360,0
770eb80a778bb1e73d90147aa6d487fa0809add9,0
9cce11801ffb404ba62c3f8709e6c8964a2c8e31,1
b66c481f956efceec50b59f6e4e3b86ebed30381,0
0b15bbd21f82fa959c4186732342e77e3ff48ece,1
cbe654bb7f47f199a646a7370f2be6e6dfe7de64,1
7c0ccb6e943105c8f1d56977e6adaabacef790db,1
5370b98c2aeb04946632854f8beced18416e47f7,1
e2b6cc136428c7dbc8857367ca82d854f967398b,0
2fba833e4839a1e6c2d8cbe1962e4b1656669539,1
a647c50da0a39b3cb330b163f853891dec10630b,1
aa1d7319919b554a5b65bcf3ee33d23fdd0bc945,0
b0b4c67f415172aaeb3df589e61e878b307a34a1,0
c5a794ecbf0dc7d7d9f0531e1a3fb49403e04ca8,1
d61496f34fd39ef8e6478b00f883fb074c34ae8f,0
59a64f00ebf22b93e339fa68cae641d8e7d4313c,0
79b8010e4098046f60d6ac622cd4490558cff5e7,0
bb5fe694469ccaa8e80ab00b2e9bc079f24026a5,0
5085a05b0bbd1ba67af9c52833afbb1a633e7823,0
ce6189ae33e40de81d43751822f445108c582183,1
911d0109526262567ebedd0eba667e3d8785d485,0
bf0ce3f7233ca9fd66edff27bc8c26b6b695b63c,0
7e9798b9c82b0120fa5b5920e5ee2b6141383315,0
62ae15d5a1c252cae46e7983cb0b1b31f4821cf7,1
3712091620507b77c5556d8f028ee744b9a8c539,0
79aab7e1128b1d536c1961a12f3e40ea49c8ceff,0
ab9e758956e5b7c5e6b8b090a2ddf77439ef553c,1
1d8ac3945be7e6355854c9a9b918476d22906f71,0
5c227eb533105fcc59589ebc10c89c0c697fdf12,1
d982241ece1b2cdf940934fb3c984070c3fab9fb,0
2481e73bd99d741eaa88674cf54f9d73c320a786,1
6b7d3fe392d44bd9fada9c2a61744fd70d9b8290,1
e84aa0420dcbd0f72efbe16c3b0394a984d487ae,0
055625d34ab942152e692dad02cd593fa7351509,1
c2443abbe28f863177af4f61b3c207f6cc46b20d,0
ab84de10c433f5a05835463e85be6a84d94d4e83,0
8b88418d4968aec94735463e91e052a3568a9896,1
259a405c9f35bf05feae6f47139eae9f38324108,1
7a55827ed4fc2786494e4b78f12a9a75a0e9d2a0,1
27a3f5fd5a10097e47b7901c6d7d7c4093ec0da4,1
2e8b80c287b25b8554882f9ddeadbf560acd6abf,0
18778322e7920abe63ef11019a16c8732c89c01b,0
c4df9da47c97564909153b4cf0fcc58c158380d3,1
142cf4239d4d25a9d470be45a742facebff4564e,0
66cbc1f72b145e37fc249537c5243db9db7d810b,0
1cb0a7c2d2d504739badaded18ae529cb76b5f4d,1
9b6d1ac7da2de8f881189b3d92399e2f89aa34e3,0
f4831aedba49f2b7c3148f95eb8056e2063b564c,0
bbbd403a7fce3c67f14b2f0fcb76b6f8f5819852,0
c6965113800665a7fd487195e9411ebccf5ae94d,0
d36c7fa1f07aed30d97bcf88ce95ee71fdb826d8,1
25397d195da1e92f4f2bb707050750afc0cf0c11,0
9e429821f25e8a01869440ff4f3d4af4fc7c2af3,1
2446fe0f08a8510036c4d51e988c781bea1d55e1,1
bd08f4083a7c478a8ea2e6053893382c733c6a00,1
fa0d2e73db4671b7f589eabee18691a65c934224,1
8d91fa743677b537aa82ee9e01d9c230a15f7dc6,1
61c4de9ec16f3a9c2edfaf53d6a5fa78c591c435,0
2cdb5369278476bbf915c825a824e17e73f7dce5,0
7ba6faff3c6d6b2c6c618e95a89d820d52cc26d4,1
c1205aa360bc1a66c891ed115a55ee289794d6de,0
69b1110ee6a0b262c528a4b9a748e9d5b2b73885,1
423ec0d41c649e95bd02dab305f8841f3b1b18de,1
5a4f55591f1e53252330a1ed785115e7891f73bc,1
92f5074f8ccdea908260248a6528373308e27202,0
ab82da05a633e903ad1c381143d5b924e9fd0595,0
1de1d4c2809ff87c85c8f40f1ee6eeb9ff2d37df,0
2198c227f65efb30d9ddf0e4665d0db8318f3cc9,0
f31358475c7c5684f1cf043934fc7ba15755df87,0
4c8c70c8c9c0f30abd76a887b7ee44bc3fcf5930,1
3d86e3d3de90347a6b6fcff92855f13e0bde9c2a,1
9d5eb25926a271221aea004b1f8ea18fe780368a,1
cbb29e3b6f0aa59d02b558ec58759290255dd9d3,0
f34c8cba3ed8d19301991160246438cc5b370ba5,0
a2bf8890c5e757354d9840382c24e9bde8eaec2a,0
2cec181ff8c0f536499d1c3e9498e299734cee56,1
90dd641528442b73682922e8e13c7775a3861ece,1
d0a1a904af8e8749f203097ea24d892903fc7a42,1
1c45159d080dd22124aa2dfbba2db868ec0fbe8a,0
2405076b4934f5cc201778bdb59ef4eebfe54833,1
f7c8763c915d6f887ad2905dbe88315eb2d9b5c3,0
821732ca6a4e42c6e2bce9788391e91c6250cb0d,0
405fa115dfa3a9149d5bec9d7ee1aff3264c8658,1
f7b95ebb52087e0ee7d201b64342a6442c2c6b8c,1
9a68f6e618833fb70a7f9e4d6402df92feffde8a,1
d06e8f2ecbba76265a26a016524c3ff4a9b6f9e9,0
2f2b139f033e03f8a71e85d79e5bfd95418ac00d,0
99d04c335b6338fcde643c443eee2c1911302e70,1
5854dc6b511302bfebbb9c90e9fe29c3c5f879a8,0
347648c37aa8d9dc147107b778ef5b7d5ca0e107,1
aeef35697f069c67f5b92b1329771972ae5c0c1b,0
1294b0cbf244ca4106cabac80acf8c8e83c4a849,1
5947b1db697b12cf863da26065f237df006e338e,1
a514635839099f3d3252b48dff2e26ef3bd696f9,0
dd1b8bf5d0ab66346192885a096f629562da42f9,0
11745e12c225ffbc7768f0a05a0c118faa59de76,0
0501cd6e84e3d0d9fb6e42842ccd18fd9cf988f3,1
68f426d91d948b5dc0b938d60a1a1e5f8d384319,1
67875b8a3b3f112578fac834bf4845f1c8c2eea9,0
05be5ea33aa17eb17f2464a938879f570e5376e9,0
b2788d9842bdc2e5080eebe231031634d62fca57,1
990d5512274efb5cdf7352d665443a5124e80a52,1
76d5f413460089a73a60b9771caf308e497c9f61,1
674ebacf328bcab0b385877a2e67e2068eae5818,0
f35729101da5863e1a93096337110c04f7c4a651,1
596af713008b283a4127427fa3dcc815d329e016,0
4b4df27082cfb379809a9ae959768eccc2da1597,1
9fd9095b114a5e6deb32846ebfd61e6cbd50068e,1
90a95a3e0824387e9a10eba8c4da315aa9099f8b,0
13dcce72cac135e440a9fa26124fd6401d52b060,0
77e6b888370f425406708e1c26c0ebd14a7668b2,0
8d75850f065b788f764f01faf012f18e3a168e65,1
98d146719f92f104f629412b41d225acb86ef376,1
41560003e260d2bb57deb9a2039321170da8b5ed,0
697434df7f237bce3fa09d896ac4691b2fd7de52,0
6a802c21afd529bce2d8affa1a4d48bf8d7f6ca4,1
d0be30d6c611ae66bc2068aac6d501747b8db333,0
f5cdd2df41b63a02eadddff162e8a77db6261433,1
61009f4588269a585d7d318e568c15a2cad633f8,0
7d6548076e5e3e6ddd5f4954d1b271eea901348d,1
82d4a1a6e31fb47c2c74925edd1cb7473ede1d4d,1
2e24beb4ba93f843753092b8b43488bb7df8c806,0
dfb1b8342e33afd37cbffc8d583f23a172812cca,0
4b8738fb11e2def63bb8630f6f70c7aa923e6c15,1
a1e0d60eef23921e3458beb6d6b057db8fe84993,1
e1b10c648f7c11abb4279165d9d13407eff4a8f5,1
e487dba3cd68842e3459c27b3375f8dd6a0eef13,1
b1d3b7a0fdf522fb21254c82cdf432e045f84ca2,0
8e11186f86e29d8f22c826a496401b7d567ca061,1
35eeedf1806c6a076e1eedc5e32a2b4a1f4afa5d,1
1370464ed5c7d1acd53e329ef7f67de1c761fa01,0
8dc6cb11f32c777ee249d94107a84ca589ecd345,1
e11dcf0a2ece7c193c16b150b065d54fe498eca5,0
e808d601acf31f4f9ed87970ef796f6135e9ccbd,1
451fecdd2f694c17932a9974596c10f178f55c14,0
e542c5f1665c019fdebbe5b8594fd03ca1db22e0,1
65b7369a0e2d8f3d2ba499e2da599a1b820c43b8,1
a161f3fef342072c7dc4e287d89a3f58509ae93f,1
6a9504bbdca7026bfcd39f85d8a559ee4a095804,0
509822471ceb1570830ef95c1d932da6527e8ff8,0
3445e68888cd53cd5dc9079fc09232a6cf95c9fc,1
def53a8169b56671cd6096e68d39a6230cabcd5e,0
212d906179cd3016491d73ecc5757544b17f0658,0
1b563cadb0ebd7cd2dc9a37116cbdd6ec194ce24,0
7248bedd539dc7b01f9ca4c1f6fea244e81e8afa,1
719259d79f21b8547e4c05676747e9c12b71643d,0
3159cf4d3914b0ee1347059609f99b4ec71a46d6,0
daca830f1baf6ff6efcbca991dcf30616c24125b,1
2aaf9fd105c8e357e5c9f3c6e16191ac4796fbd2,0
bf8b50663d279ab2d51eee007c30301b18db4a8d,0
b12571bc35efcafb4146049c6d68f9d0bc2a1d1d,0
3507468636219a57d6721ea15626fabb511ff4af,0
22533e498a5139e188d6c402541f226046051fd4,1
9d2c670fcd3d2af0f6f9d208f0de7f40557b4979,0
5b13e32b9310a5948ec0b112f6de9e64c43e4cd4,0
194a30a2f67e1a209e90de7baa5ce304522c3f34,0
0fb3402dd028b23641e920c09841ed724c684a8c,0
d40d695dbca91f9979003671bb20df95912e0a1a,1
b1083022b3dbe2db006563f91b544bb5dc2dcd4b,1
a0d99888fff53071d0de5430fe74b1819da54404,0
785bab5ab0764149610f843241ad187e03ab35bd,0
9a7db3728671d1b492b81e9dd5d31232a6036e2a,0
613494ce97a5c63452ccdc58dab21bdcafdba4c8,1
990543f052d8bfe1dfb49f0ca2f2b7abd7a79da9,0
8406ebd8dbe6f1a3b3e90ea29dacfe96e3aea7af,1
12f410c3e938f22b508b1c3febc8a2b3bd9f94a6,0
16322192a0dba34b161d9bc2eeb17f5f8b59fe42,1
f479ec38d915534d4a01d7ec4ba742bc44e3684b,0
5de954c1346c0c94ca872e1ba54376a1975d5a0c,1
94fcd29bd6b11d3c92533f7f9f955e61860bf3b7,0
616dca265f586e4757158c17d4c2d7cfcee441ba,0
cb5f8c0fb84f0da7855b13724c641e37b9b82398,0
60d994164019cc1642779cd3206d8de96d086b6a,1
a03f78a412d92ed6fe1bd3eb34e9bc25f0a8cc0b,1
0a47d53ab3d01e5e49ffa038ff1e272de21fac7b,1
ecfb1241777c36d2704729e926959b8a8f24761f,1
8c9717d0aa307ad523704018ec7cde03c7135e5e,0
fa623b818e7d756a8dabee32f97d626eaaa3f8c9,1
2b1557ffad1175be6a92a68804ccb30d0aa5f647,1
ffbb38b5834d486f44d9521e58b6607cb5d8789f,0
493b66a4b7ff49ae5454ea7508c212baa7584803,1
e6f2a994c62bf48bd9757174b84337233d32c5ea,0
8c5714b35a73322f735c82b66a984f8207eeb138,1
c151cbdb13c6293c7006e61b1aafd9a69e9e6770,0
ccda7708865eabb5eb31434f8112b06e567826bf,0
d6834d8ccbb864fa8e0f51c0c59437082f13b761,1
3c02c4620050ed1fbd66dfdd6f92d8537a8548b0,1
68c7c07747625b90b6ceb9af58a1c041550b677e,0
d0e61046452d406298c5e92274ceea2d8c8f8366,1
f70e9f6cf0c79f936cdf3ae86f1fa1f6589f527f,1
5f4bb5681ec96ebe41e0806dbf9882a6f4e6b5ab,0
da6f92ea1e8be3b7a157172c5f3ae70824004fd0,1
b942b115aec88542cb2692fafe437cbbe14106a1,0
809bc0aab6f598b1f64148b6419ad6b2f8c54e79,0
3bda5b928a1d72ddd8a5f7866385a1d6c2d11ce3,0
c4f6f175ad767598070e46411c6427ac68c96a11,0
3124c6a973c949f072d3d1db0c2a38dc807c7bfa,0
6b2dcd6af7bfde4b2ce4e9e206df977b390d6824,0
41f355ed3e53ce5e39b51c7a081ab7021507a763,0
f9b56d0292de741e975a2ee41b258feb3f066ca3,0
6722555461006ad1557089e6242adcccdbcba2b3,0
746f45a0f28e227f7b2686f887bd5bf218cdab61,1
fbecfaba21c13523a4b0f211e4c58385f85bc5b1,0
1934fd937f8e71de1f50a219f8d9f04b0552c7f1,0
b4de5d913bf8d6046a5a31ad06b82e70a39445bc,1
8a14d0dfdb6e7db5d4904b3651c9e2a5beec5d8e,0
06570a162ac3fe71beff0a45cf366d9864a7ae67,0
53c5078889a4b6e30ac37209ace3783c87a2e9e9,1
9855df9ef00bf4a8758688c8654a6a752671126f,0
0763957b79ddb64c5fb42ac2c492f850f9b34079,0
3ce347983c86b94263d7f8d50b083497c5d02234,0
ed6cf63f4f01001d9a4d506ca89d5d2bed62b18f,0
a08e6f0c46c66cd45b60f8a95f36f8f0ffcda5c0,0
de61702f4c5e8fce6ae40914a826acad1ca5c37a,0
be688ce8367417e2b203538ea6148accb602bf5b,0
d8dc9842cae83a9f506a77b05e89cd8388f57a5e,0
b4521a58dcde0ae9c5779acb255f8a9994185040,0
dc85dc4224b26a24c3a9d98930fdf14b50cf716e,0
f0a7849066b07ab6a01d839a246d007a4b9e7f4e,0
3f92bfa3e37a3fafd248896cddb04c96f0e5ef52,1
1d724a329c458b80c53fbd4ac73a2088a98bfb11,0
0514112721b44aa597e942f75ae623b77ae6527a,1
58c843ad2b7c7bdda879e0cbce94ca70e74ceeb7,0
cb9df056dcda1a81a698d080b8c58b390d1274bd,0
5187cc9108eea7ad9d9039b85210b3735fd75604,0
30fa1b0123bd49442aad97a08b07b9f86e81c255,1
cdb15640790221da4aa0a01f95ec9b68451078ca,0
3eedb478349e391ee792f800ae9c39460db28790,1
e9f8bf9e66198c597932b4374d397991f0035307,0
2807e3dea99b04aad107800fc86106dd67f1f51f,0
c2aff935dd770efa22ea8df46ea24236fb936969,1
81e5f728fe2f707f551e745d1421d7dd62cc3ac6,0
d93d08cbf5f96416b75fc0bb47a39ba61daa9bd0,0
b990d05fcba904602f1bb1a9d1c0c74c23da1ded,1
f73e3799421ad46101c3e517bfc730e36a6ae679,0
30986134589c590cecd4e481afe812917429d54c,0
518971b11289173cfa194bd4f4408a7b19fc305c,0
38ad6061f04ce7ff791b34a1a9d266073f7f9b24,0
bc9014f9f4871d80e215c0823f37450a61701ba3,0
85566ad5fdca0995510cddf8c2a1e91a064d8798,0
d6b98de2b7c7212d1366aada0ad8eab96306490d,0
d1e2021f895f657d396d654a171e1f92059ea2e0,0
4e3ff903ca00e7b444fade34715336712b6ccdc0,1
f14bc9916568ba39835161ca23b8d9d7e62d0068,1
5e3aa9d74cfc311fa9a90b86558cfe1d5effa12a,0
ed9dab2d9fb11fba98297675d351e4309efca3bc,1
a935cadbc61a8aa116b58ef65c6d2341bdf1954b,1
7b82ca4325e97eedea791f4db7a17ab6f6f20f77,0
95d4fe82acc3bd7662e58d2d0bad7549d68d8c9b,0
4778d72d3735627d03968fda72ac052674b9bfa1,0
14cf6b392d1141f969c4f9e3e1e84f568b831e11,0
427b0b8f894a82448fe5a831756ab52201c77847,1
d7ae34e024b9c9f19849ffda6e14a6822c70c719,1
a22e030841662cc7786fd4be01e8207f661fa488,0
e240cefea726be3f26f67656bf839c571c046d9b,0
3b9510231a87099e60eb545cbf6eb76dd79a4f9f,0
8fe083242b54c90813cb9d03f7e3ca50ffb89f9b,0
b1c3a4b7215995e90cb562d11db8a0bddfe31d99,1
141fa9cfafeb7e6d683a1e0e5ca4844e5c75ea1e,0
27c8faba23f10c9880a18f03a67c22c7b40d4dac,0
e4eff53782d0b25fe604298413a3c1e604148fdd,1
e92149be8cf639e227567c6e958b35e29419450f,1
18aca36001dd4e33860757955ddc095415a94c03,0
83cfe5d76ce5bdcd5bd5099ff017340c56a71514,1
4a802eef8d24fec1a1de82242e0dce79135500ab,0
a5087a9309ff82a0d9cbda0bb1e6fb126d040c6b,0
6773d4f3de11babf8d2a4111f7afb7b656d28ea1,0
18b19e22b75a31a58f7af45baeba56a09db04381,0
9a52b8902002b25d00ae514e8e61ee93e91f638f,0
2c7367f49719da5e4d499a89d5e2ac16a5d1a755,0
a80c0f6bf27805a886f5ed6e3ddcde151e92465d,0
84c107c882569e62923cffede5a07f236d2e7322,1
ff8ea5a99f2311cfa50cf0dd7c51372b8e930059,1
38950b0a214e476475d7806b5f644137fab6ee2e,1
439f1ee4a347d5575c109a50548cd57c04eaa4dd,0
abf218925b9fe3a6fbdec502aa6f1dc91898e3c9,0
3d9848e3116546a03bc768804a661b8ec848d125,0
6a85a409b17933f44a81f8aedb8dea006c1bc4c0,1
fd8726a8a8e0a32fd7225c2dadb04746789d7a73,0
1fad7f8d56277a4bc03379c666e0ac305d1cd90d,0
b34621a44af7fc61a680652642e1b6008c27e92d,1
16885ee4be9370efbeb8360043a3435d68d93fba,0
da5b6f93e7b1b42eb6a4477a4d5080480b447af0,0
eaf73f46fac2177b342d1bf1d5ef171a7af5b5ca,1
72d484d48b111ceec6cdc91f08081f5a09b92875,1
eea92ceba81f3794c92d5f4ebbf66f8fde7b7410,0
cf2cde9ef9abfa527be2b1a013791b747a1fca4d,1
5fa4726034fe7282680a7f9ea79acd54c2e7ce5d,0
cee3492ff94b4fc14b992b3ac1fcc7469cae7ef0,0
9a744fccebbab11c6db7038223c52e768232b5de,0
c19083b4b3dd2180261b7b6d158ad2a39ec02102,1
23a2ebffa7cbd562290cef8a22dfae03d58b5c84,0
b47a91a33420fb752b890d080ad033ed9ba76e46,0
948d6752e01b4cd8eef03b27b80308c764d3a3db,0
de60434003fe6d7352610e88929678d23c0297f4,0
cb914f18295eaa90db40aca361466c343e2c4e2e,0
4b310f5a9aa69a0d4940ef44e0478303a4976b7a,0
1164f249a0469dbf98363644da82120086546a2a,1
0d12a52062cd967583f4cd223498fe37f8a2885b,1
90fa4cadd682036f202489708d49e415924ef5bd,0
8ae661f603b04e4c267b71875ef874f452b2a957,0
5f518a3007aceda831dfce0efbcd776fe39dada2,0
4d88db3793f1a91c2a2c54c8986172a4cadd0e57,1
7e8907341b54d9655f3baeea4fa3c16ebd421c0d,0
94dfa4faa84ab41fc6ca2b694e75b49987cd9423,0
c58c4f2fd047b52a93842baa646c7bc28e409b27,0
a0c9e1840037058e14880e4490142b2107a677cf,0
eff589cc123f07e0d28bd6c386542e49190c21ac,1
bbc51fc4e475ca1da4f22c81b8c6e0a7b39b33e0,0
49c38688a7541790e73b78b5085189b1d1e78ad8,0
8e802b5aab814610a44d96ab698ee1f5340f7b9e,0
3d006ead53352dabedc0cc756ac6d85ba263a775,0
048db42e96d580ad938535999125db1fa4f1e27a,1
81eb48d209dfb3acdf44b86f82fa6ad16782ce9c,1
df7042e1a210464e33933fe127b364f4680b989d,1
b3e645f8088e87b79c38f21ec7274ddaa9397da4,0
ac03d7fac36b21178005686eae837814db28dacc,0
82a1c5eed676de328b341cff14217b78c3a689ae,0
64529bf5c7ac043d4cc046be5c80821639fcdf12,0
9188eb117750cc95f6fe5813d658af8049a6152e,0
659b0dd18b3ee550f57e1349442b7a37595b9da9,0
84d3c534ccbdbd9bf92eb48366ed2ae86523b443,1
8d071270ac66eed7731fb221f089681701dcf50a,1
56ba2f6de8f3cbe842841008cccd2e6bad71d77c,0
d8443798f5200071e9773f4f3cd0e2365f0cd0ad,0
516b3c28baf1221293a39e03cf077be131f08024,0
09afaac18518e435c68fc1b635690c79b52d1a0e,0
51d8ae3791b13cbaf568a6211d5c9a2b1a5d722a,1
a4148096fb9ae69f2fd10f4faabfb9576b9b4d07,0
b569b57e63022a46535470f25c4a7a506306d65f,0
8c061ea70973f16c141c331077a309a0db4c9e8e,0
ee33ffaf0ec4d1a3c71d92a7d926266cc56c5180,1
53dca7065b48f6df64a7f9bfbb718958b092744c,1
b35ca39651c2d24f3c8e7d5bf641387a76a5d069,1
7a0b59d5c24279926a0d02ab390c95558f92ebd0,0
7c772f9a9eb1954ab839cb816be0d2e2ab79cdd1,1
5ae6ecd8d0f7271539f47fd8ed14c53da5c6bd5d,1
7565538066845dddf190bce3d0f67c73732f5ab6,1
66d2f36cdd01066eecf5da659424acbd10f343b5,1
73fb80e577c5edc5d83d72f60b132aad13d8eec6,1
b2deb13d0f0836a775c2a18a11e50d2f44646e80,0
7e04d37eb25bd93f0401f740759bda855c81acd9,0
4652d923efec35bd08a34a1926029736ef530f24,0
9a1bfb3be421362910a0610e3575af445a33a230,0
b53be96f4afdcf980625479e6410266680e94688,1
023d65b1ef8d85f95df9ed3ffb766c7d54fcfa14,0
975837311f5a0d7846c26f66341c9fc5def6d402,0
e18eb16fa5e92a0981c9cc322ee6f57f0f6a365c,0
6a74d8f8180cad055d3c14004b4c8c24b65452e4,0
96dea137f0bf88733f1d72589596a9b559f3ea32,1
665ecf8fdf8755295aaea68a23695264833dd086,0
bb09ba596336ba81f43fab148d15c5e339540dce,0
7103351dbaa6d57fba3e05398d62c154b72571ec,0
46f58420937dd47dd0c147ec1631aee5abd1e14a,1
08ad92b59ea68bc6d2ffc60f69aeedbc106e889c,1
49b70246772dbc2ec07a06f91a419590a44bff3f,0
a2895d6c6b750b5fd3d056d01015de4df420bfad,1
5af97e9f1ca7d233540f823ca637f3b16b7fe16e,1
69b4a5609aa96690c0427c9b91556105dc83c143,0
df34ec593891dc8169b81ddb872fac171c4ceafc,1
145f8eb7a7e3c4d30c3b397f7af370821756e99d,0
c2b587655a4bc3d1801d0b62287ab08450a58874,1
de40851538894e4ace044f7f2719ef410c3fed46,0
14a3e5364200c3a085d042ddb2f210ad8285dc95,1
521bcfa915546dd43fdeae975a4fde4364435c2c,0
6e4e81b8c5bfd83435e7a014a2a1787ae5372cdf,1
4c8c0eaf7ef8ff7e2106792b6e98631bc487071b,0
e7acd899299c153cb1d04f2158e763eaa5cdd473,0
d023e04baaf65e772c503a48a0ad8f5afd06279d,0
8819ad6c55443b5ad671622b261df2b520594ee3,0
b15d4e3009f5783248a5c1df183ee14d076ebcf4,0
ef2833cc6e5d911339aee8b86d1e73f4ab16947e,0
234e4b39dbf53add6551bcb850ec11c6c3a674e1,0
a8687df66c4bfede7bcbb2e73116fea8002027c6,0
f8ce3b30faab5e56ea10ccf1a2b4a7565b357630,1
2dd1a2a168b341e92317bf71217900578b5866b2,0
84ac5f719800100850feea2efec7ffac25179c50,1
e9fa348c82c02229ae36a4d7f7fe8d9d2a5aef60,0
af0f42800b88f90d0bbfafbb8aa906f6c317a8c8,0
c1d9db63810747468c3a0c591b58f8f383a3c25c,1
d30ca5768b59eaf2fd2638ec904aedd43ae011be,1
00bd66215347594c235b77beda5cd30ab75c0f0c,1
2b44dcb453bf67b6ee8351af9975013594671522,0
aa081dd9815afecd4deb5132576c29d9255970bc,1
a03e49a0b6cb36471c8d8bb3b1451e248c1d8cdf,0
0d084ba9e0e454adcda043f5945e04eea8de2ada,1
04868e1132fc4fd7b15dfe69a31ad883cb5839fb,1
b771b6ff0d95a9eaab2a3482a801d0b599f01ea4,0
fd2606aa9e1b5c0e135317f190a240d612e01dec,0
55be36ad311b3763909f3cdb890e1b51534c4599,0
c929d985e593b2300f253930bd8510f7d3893588,0
9c64318957d7c89061b7613566b09aaa7eece0ee,0
f1a48b63a3b0c381ad0fab7028746e9abb988364,1
193479ba1b0684467d12c1ae7df18e5acecfdcb7,1
4325749633c4315e3453abf7bd1f0130977a3c9b,0
